r_mm,z_mm,theta_deg,T0_mm
1.780943,-47.990034,2.591175,1.008418
4.297809,-47.856543,4.450801,1.014774
5.597214,-47.723052,6.598615,1.017414
6.634724,-47.589561,7.927357,1.020514
7.525483,-47.456070,9.041096,1.023305
8.318166,-47.322579,10.024766,1.026330
9.039094,-47.189088,10.917280,1.029193
9.704481,-47.055597,11.740901,1.032213
10.325173,-46.922106,12.509934,1.035129
10.908856,-46.788615,13.234264,1.038164
11.461221,-46.655124,13.921082,1.041125
11.986617,-46.521632,14.575822,1.044184
12.488463,-46.388141,15.202713,1.047187
12.969501,-46.254650,15.805127,1.050273
13.431973,-46.121159,16.385803,1.053318
13.877742,-45.987668,16.947006,1.056434
14.308370,-45.854177,17.490631,1.059518
14.725188,-45.720686,18.018285,1.062668
15.129341,-45.587195,18.531345,1.065792
15.521819,-45.453704,19.031002,1.068975
15.903488,-45.320213,19.518293,1.072139
16.275108,-45.186722,19.994129,1.075358
16.637355,-45.053231,20.459313,1.078562
16.990827,-44.919740,20.914563,1.081817
17.336064,-44.786249,21.360516,1.085061
17.673546,-44.652758,21.797748,1.088355
18.003712,-44.519267,22.226774,1.091640
18.326956,-44.385776,22.648065,1.094971
18.643639,-44.252285,23.062047,1.098298
18.954090,-44.118793,23.469109,1.101669
19.258610,-43.985302,23.869606,1.105038
19.557477,-43.851811,24.263865,1.108449
19.850947,-43.718320,24.652188,1.111860
20.139254,-43.584829,25.034852,1.115313
20.422619,-43.451338,25.412114,1.118768
20.701243,-43.317847,25.784213,1.122263
20.975317,-43.184356,26.151370,1.125761
21.245015,-43.050865,26.513792,1.129300
21.510504,-42.917374,26.871671,1.132843
21.771936,-42.783883,27.225189,1.136425
22.029457,-42.650392,27.574513,1.140014
22.283201,-42.516901,27.919803,1.143641
22.533298,-42.383410,28.261206,1.147276
22.779866,-42.249919,28.598864,1.150949
23.023019,-42.116428,28.932908,1.154631
23.262865,-41.982937,29.263463,1.158351
23.499504,-41.849446,29.590647,1.162082
23.733032,-41.715955,29.914572,1.165849
23.963541,-41.582463,30.235342,1.169629
24.191117,-41.448972,30.553059,1.173445
24.415842,-41.315481,30.867817,1.177274
24.637794,-41.181990,31.179707,1.181140
24.857047,-41.048499,31.488814,1.185020
25.073671,-40.915008,31.795222,1.188937
25.287736,-40.781517,32.099007,1.192869
25.499304,-40.648026,32.400245,1.196838
25.708438,-40.514535,32.699007,1.200822
25.915197,-40.381044,32.995360,1.204844
26.119637,-40.247553,33.289370,1.208883
26.321812,-40.114062,33.581100,1.212958
26.521773,-39.980571,33.870608,1.217052
26.719572,-39.847080,34.157952,1.221182
26.915254,-39.713589,34.443187,1.225332
27.108867,-39.580098,34.726366,1.229519
27.300454,-39.446607,35.007539,1.233725
27.490057,-39.313116,35.286754,1.237970
27.677718,-39.179624,35.564060,1.242234
27.863475,-39.046133,35.839501,1.246537
28.047366,-38.912642,36.113119,1.250862
28.229429,-38.779151,36.384958,1.255225
28.409697,-38.645660,36.655057,1.259610
28.588205,-38.512169,36.923455,1.264034
28.764986,-38.378678,37.190190,1.268481
28.940071,-38.245187,37.455298,1.272968
29.113492,-38.111696,37.718814,1.277479
29.285276,-37.978205,37.980772,1.282029
29.455454,-37.844714,38.241204,1.286604
29.624053,-37.711223,38.500143,1.291220
29.791099,-37.577732,38.757618,1.295861
29.956620,-37.444241,39.013659,1.300543
30.120638,-37.310750,39.268296,1.305252
30.283180,-37.177259,39.521555,1.310002
30.444269,-37.043768,39.773465,1.314781
30.603928,-36.910277,40.024051,1.319600
30.762179,-36.776785,40.273338,1.324449
30.919043,-36.643294,40.521351,1.329340
31.074542,-36.509803,40.768114,1.334261
31.228697,-36.376312,41.013651,1.339224
31.381526,-36.242821,41.257983,1.344219
31.533049,-36.109330,41.501133,1.349257
31.683285,-35.975839,41.743122,1.354327
31.832252,-35.842348,41.983971,1.359440
31.979969,-35.708857,42.223700,1.364587
32.126451,-35.575366,42.462329,1.369779
32.271716,-35.441875,42.699876,1.375005
32.415780,-35.308384,42.936360,1.380276
32.558660,-35.174893,43.171800,1.385583
32.700371,-35.041402,43.406213,1.390936
32.840927,-34.907911,43.639616,1.396325
32.980344,-34.774420,43.872027,1.401761
33.118636,-34.640929,44.103460,1.407235
33.255817,-34.507438,44.333933,1.412756
33.391901,-34.373947,44.563461,1.418316
33.526901,-34.240455,44.792058,1.423925
33.660830,-34.106964,45.019741,1.429574
33.793701,-33.973473,45.246523,1.435272
33.925527,-33.839982,45.472418,1.441011
34.056319,-33.706491,45.697440,1.446801
34.186089,-33.573000,45.921604,1.452633
34.314849,-33.439509,46.144921,1.458517
34.442611,-33.306018,46.367404,1.464444
34.569384,-33.172527,46.589067,1.470424
34.695181,-33.039036,46.809922,1.476449
34.820012,-32.905545,47.029980,1.482528
34.943887,-32.772054,47.249254,1.488652
35.066816,-32.638563,47.467754,1.494832
35.188809,-32.505072,47.685493,1.501059
35.309876,-32.371581,47.902480,1.507342
35.430027,-32.238090,48.118728,1.513674
35.549270,-32.104599,48.334247,1.520063
35.667614,-31.971108,48.549046,1.526503
35.785070,-31.837616,48.763136,1.533001
35.901645,-31.704125,48.976527,1.539551
36.017347,-31.570634,49.189229,1.546161
36.132186,-31.437143,49.401252,1.552824
36.246170,-31.303652,49.612604,1.559549
36.359306,-31.170161,49.823294,1.566328
36.471603,-31.036670,50.033333,1.573171
36.583067,-30.903179,50.242728,1.580069
36.693708,-30.769688,50.451488,1.587032
36.803531,-30.636197,50.659622,1.594054
36.912546,-30.502706,50.867138,1.601141
37.020758,-30.369215,51.074044,1.608288
37.128174,-30.235724,51.280348,1.615502
37.234802,-30.102233,51.486059,1.622778
37.340648,-29.968742,51.691183,1.630123
37.445720,-29.835251,51.895729,1.637532
37.550022,-29.701760,52.099704,1.645011
37.653563,-29.568269,52.303115,1.652557
37.756347,-29.434777,52.505969,1.660174
37.858382,-29.301286,52.708274,1.667859
37.959673,-29.167795,52.910036,1.675619
38.060227,-29.034304,53.111263,1.683448
38.160048,-28.900813,53.311960,1.691354
38.259143,-28.767322,53.512135,1.699332
38.357518,-28.633831,53.711794,1.707388
38.455177,-28.500340,53.910943,1.715517
38.552127,-28.366849,54.109589,1.723728
38.648373,-28.233358,54.307738,1.732014
38.743920,-28.099867,54.505396,1.740384
38.838772,-27.966376,54.702569,1.748832
38.932936,-27.832885,54.899262,1.757365
39.026417,-27.699394,55.095482,1.765979
39.119218,-27.565903,55.291234,1.774680
39.211345,-27.432412,55.486524,1.783465
39.302803,-27.298921,55.681357,1.792341
39.393596,-27.165430,55.875739,1.801302
39.483729,-27.031939,56.069675,1.810356
39.573206,-26.898447,56.263171,1.819499
39.662033,-26.764956,56.456231,1.828737
39.750212,-26.631465,56.648860,1.838067
39.837749,-26.497974,56.841065,1.847495
39.924648,-26.364483,57.032849,1.857018
40.010913,-26.230992,57.224217,1.866642
40.096547,-26.097501,57.415175,1.876364
40.181556,-25.964010,57.605727,1.886190
40.265942,-25.830519,57.795877,1.896117
40.349711,-25.697028,57.985631,1.906152
40.432865,-25.563537,58.174993,1.916291
40.515409,-25.430046,58.363967,1.926541
40.597346,-25.296555,58.552558,1.936899
40.678680,-25.163064,58.740770,1.947371
40.759414,-25.029573,58.928607,1.957954
40.839552,-24.896082,59.116074,1.968656
40.919098,-24.762591,59.303175,1.979472
40.998055,-24.629100,59.489914,1.990411
41.076427,-24.495608,59.676295,2.001469
41.154216,-24.362117,59.862322,2.012653
41.231426,-24.228626,60.047999,2.023960
41.308060,-24.095135,60.233330,2.035397
41.384122,-23.961644,60.418318,2.046962
41.459615,-23.828153,60.602968,2.058661
41.534541,-23.694662,60.787284,2.070493
41.608904,-23.561171,60.971268,2.082464
41.682707,-23.427680,61.154925,2.094571
41.755953,-23.294189,61.338259,2.106823
41.828645,-23.160698,61.521272,2.119216
41.900785,-23.027207,61.703969,2.131759
41.972376,-22.893716,61.886352,2.144448
42.043422,-22.760225,62.068426,2.157292
42.113925,-22.626734,62.250194,2.170288
42.183888,-22.493243,62.431659,2.183444
42.253313,-22.359752,62.612824,2.196758
42.322203,-22.226261,62.793693,2.210238
42.390560,-22.092770,62.974269,2.223882
42.458388,-21.959278,63.154555,2.237698
42.525689,-21.825787,63.334554,2.251684
42.592465,-21.692296,63.514270,2.265848
42.658719,-21.558805,63.693705,2.280190
42.724453,-21.425314,63.872863,2.294716
42.789669,-21.291823,64.051747,2.309427
42.854371,-21.158332,64.230359,2.324329
42.918559,-21.024841,64.408703,2.339423
42.982238,-20.891350,64.586781,2.354716
43.045408,-20.757859,64.764597,2.370209
43.108072,-20.624368,64.942153,2.385909
43.170232,-20.490877,65.119452,2.401816
43.231891,-20.357386,65.296497,2.417939
43.293050,-20.223895,65.473291,2.434278
43.353712,-20.090404,65.649836,2.450840
43.413879,-19.956913,65.826135,2.467628
43.473553,-19.823422,66.002191,2.484650
43.532735,-19.689931,66.178006,2.501906
43.591429,-19.556439,66.353584,2.519405
43.649635,-19.422948,66.528926,2.537149
43.707356,-19.289457,66.704036,2.555146
43.764594,-19.155966,66.878916,2.573399
43.821350,-19.022475,67.053568,2.591916
43.877627,-18.888984,67.227994,2.610700
43.933426,-18.755493,67.402199,2.629760
43.988749,-18.622002,67.576182,2.649098
44.043598,-18.488511,67.749949,2.668725
44.097975,-18.355020,67.923500,2.688643
44.151881,-18.221529,68.096838,2.708862
44.205318,-18.088038,68.269965,2.729386
44.258288,-17.954547,68.442884,2.750225
44.310793,-17.821056,68.615597,2.771383
44.362834,-17.687565,68.788107,2.792870
44.414413,-17.554074,68.960415,2.814692
44.465531,-17.420583,69.132524,2.836859
44.516190,-17.287092,69.304436,2.859377
44.566392,-17.153600,69.476153,2.882256
44.616137,-17.020109,69.647678,2.905503
44.665429,-16.886618,69.819013,2.929130
44.714267,-16.753127,69.990160,2.953142
44.762655,-16.619636,70.161121,2.977553
44.810592,-16.486145,70.331897,3.002370
44.858081,-16.352654,70.502492,3.027604
44.905122,-16.219163,70.672908,3.053266
44.951718,-16.085672,70.843146,3.079367
44.997870,-15.952181,71.013208,3.105917
45.043579,-15.818690,71.183097,3.132930
45.088846,-15.685199,71.352814,3.160416
45.133673,-15.551708,71.522362,3.188390
45.178062,-15.418217,71.691742,3.216862
45.222012,-15.284726,71.860957,3.245849
45.265527,-15.151235,72.030008,3.275361
45.308606,-15.017744,72.198898,3.305416
45.351251,-14.884253,72.367628,3.336027
45.393464,-14.750762,72.536200,3.367211
45.435245,-14.617270,72.704616,3.398983
45.476596,-14.483779,72.872878,3.431361
45.517518,-14.350288,73.040988,3.464360
45.558012,-14.216797,73.208948,3.498002
45.598079,-14.083306,73.376759,3.532302
45.637721,-13.949815,73.544424,3.567283
45.676938,-13.816324,73.711944,3.602962
45.715732,-13.682833,73.879321,3.639363
45.754103,-13.549342,74.046556,3.676507
45.792053,-13.415851,74.213653,3.714417
45.829583,-13.282360,74.380611,3.753116
45.866693,-13.148869,74.547434,3.792632
45.903386,-13.015378,74.714123,3.832987
45.939661,-12.881887,74.880679,3.874211
45.975520,-12.748396,75.047104,3.916330
46.010963,-12.614905,75.213400,3.959377
46.045993,-12.481414,75.379569,4.003379
46.080609,-12.347923,75.545613,4.048371
46.114813,-12.214431,75.711532,4.094385
46.148605,-12.080940,75.877330,4.141458
46.181986,-11.947449,76.043006,4.189626
46.214958,-11.813958,76.208564,4.238927
46.247521,-11.680467,76.374004,4.289402
46.279676,-11.546976,76.539328,4.341094
46.311424,-11.413485,76.704539,4.394047
46.342766,-11.279994,76.869637,4.448308
46.373702,-11.146503,77.034624,4.503925
46.404234,-11.013012,77.199501,4.560951
46.434362,-10.879521,77.364271,4.619440
46.464086,-10.746030,77.528935,4.679448
46.493409,-10.612539,77.693494,4.741035
46.522330,-10.479048,77.857951,4.804266
46.550850,-10.345557,78.022305,4.869206
46.578970,-10.212066,78.186560,4.935925
46.606691,-10.078575,78.350716,5.004498
46.634013,-9.945084,78.514776,5.075004
46.660937,-9.811592,78.678739,5.147524
46.687465,-9.678101,78.842610,5.222148
46.713595,-9.544610,79.006387,5.298966
46.739330,-9.411119,79.170074,5.378079
46.764669,-9.277628,79.333671,5.459589
46.789614,-9.144137,79.497181,5.543608
46.814165,-9.010646,79.660604,5.630253
46.838323,-8.877155,79.823942,5.719651
46.862088,-8.743664,79.987196,5.811932
46.885461,-8.610173,80.150368,5.907241
46.908442,-8.476682,80.313460,6.005727
46.931032,-8.343191,80.476473,6.107553
46.953232,-8.209700,80.639407,6.212892
46.975042,-8.076209,80.802266,6.321928
46.996463,-7.942718,80.965049,6.434859
47.017495,-7.809227,81.127759,6.551898
47.038139,-7.675736,81.290397,6.673274
47.058395,-7.542245,81.452964,6.799232
47.078264,-7.408754,81.615462,6.930036
47.097746,-7.275262,81.777892,7.065971
47.116842,-7.141771,81.940255,7.207346
47.135552,-7.008280,82.102554,7.354495
47.153877,-6.874789,82.264788,7.507776
47.171817,-6.741298,82.426960,7.667583
47.189372,-6.607807,82.589072,7.834341
47.206543,-6.474316,82.751123,8.008514
47.223331,-6.340825,82.913116,8.190607
47.239736,-6.207334,83.075053,8.381174
47.255757,-6.073843,83.236933,8.580819
47.271397,-5.940352,83.398760,8.790208
47.286654,-5.806861,83.560534,9.010071
47.301530,-5.673370,83.722256,9.241216
47.316024,-5.539879,83.883928,9.484532
47.330138,-5.406388,84.045551,9.741007
47.343871,-5.272897,84.207126,10.011739
47.357224,-5.139406,84.368655,10.297950
47.370196,-5.005915,84.530140,10.601007
47.382789,-4.872423,84.691581,10.922441
47.395003,-4.738932,84.852979,11.263978
47.406838,-4.605441,85.014337,11.627563
47.418294,-4.471950,85.175655,12.015403
47.429371,-4.338459,85.336935,12.430010
47.440070,-4.204968,85.498177,12.874251
47.450392,-4.071477,85.659384,13.351424
47.460335,-3.937986,85.820557,13.865330
47.469901,-3.804495,85.981696,14.420381
47.479090,-3.671004,86.142804,15.021723
47.487902,-3.537513,86.303881,15.675402
47.496337,-3.404022,86.464928,16.388559
47.504395,-3.270531,86.625948,17.169700
47.512077,-3.137040,86.786941,18.029032
47.519383,-3.003549,86.947909,18.978914
47.526313,-2.870058,87.108853,20.034454
47.532867,-2.736567,87.269773,21.214319
47.539045,-2.603076,87.430673,22.541850
47.544847,-2.469585,87.591552,24.046617
47.550274,-2.336093,87.752412,25.766654
47.555325,-2.202602,87.913254,27.751715
47.560002,-2.069111,88.074080,30.068163
47.564303,-1.935620,88.234890,32.806539
47.568229,-1.802129,88.395687,36.093672
47.571781,-1.668638,88.556471,40.112883
47.574957,-1.535147,88.717244,45.139378
47.577759,-1.401656,88.878006,51.606070
47.580186,-1.268165,89.038760,60.235431
47.582239,-1.134674,89.199506,72.330198
47.583916,-1.001183,89.360246,90.502297
47.585220,-0.867692,89.520981,120.869254
47.586149,-0.734201,89.681712,181.905435
47.586703,-0.600710,89.842441,367.468578
47.586883,-0.467219,89.919636,18275.156904
47.586688,-0.333728,89.836104,353.214553
47.586119,-0.200237,89.675376,178.449026
47.585175,-0.066746,89.554829,119.150492
